Year,m,d,Time,Time zone,Direct solar radiation (W/m2)
2022,12,14,00:00,UTC,1.4
2022,12,14,00:01,UTC,1.4
2022,12,14,00:02,UTC,1.5
2022,12,14,00:03,UTC,1.3
2022,12,14,00:04,UTC,1.5
2022,12,14,00:05,UTC,1.8
2022,12,14,00:06,UTC,1.7
2022,12,14,00:07,UTC,1.4
2022,12,14,00:08,UTC,1.5
2022,12,14,00:09,UTC,1.3
2022,12,14,00:10,UTC,1.6
2022,12,14,00:11,UTC,1.5
2022,12,14,00:12,UTC,1.6
2022,12,14,00:13,UTC,1.7
2022,12,14,00:14,UTC,1.7
2022,12,14,00:15,UTC,1.8
2022,12,14,00:16,UTC,1.8
2022,12,14,00:17,UTC,2
2022,12,14,00:18,UTC,1.8
2022,12,14,00:19,UTC,1.9
2022,12,14,00:20,UTC,1.8
2022,12,14,00:21,UTC,2.1
2022,12,14,00:22,UTC,1.8
2022,12,14,00:23,UTC,1.8
2022,12,14,00:24,UTC,1.9
2022,12,14,00:25,UTC,2.1
2022,12,14,00:26,UTC,2.1
2022,12,14,00:27,UTC,1.9
2022,12,14,00:28,UTC,1.7
2022,12,14,00:29,UTC,1.5
2022,12,14,00:30,UTC,1.2
2022,12,14,00:31,UTC,1.5
2022,12,14,00:32,UTC,1.5
2022,12,14,00:33,UTC,1.4
2022,12,14,00:34,UTC,1.5
2022,12,14,00:35,UTC,1.3
2022,12,14,00:36,UTC,1.5
2022,12,14,00:37,UTC,1.6
2022,12,14,00:38,UTC,1.5
2022,12,14,00:39,UTC,1.5
2022,12,14,00:40,UTC,1.5
2022,12,14,00:41,UTC,1.6
2022,12,14,00:42,UTC,1.5
2022,12,14,00:43,UTC,1.5
2022,12,14,00:44,UTC,1.4
2022,12,14,00:45,UTC,1.8
2022,12,14,00:46,UTC,1.7
2022,12,14,00:47,UTC,1.7
2022,12,14,00:48,UTC,1.6
2022,12,14,00:49,UTC,1.5
2022,12,14,00:50,UTC,1.3
2022,12,14,00:51,UTC,1
2022,12,14,00:52,UTC,1.2
2022,12,14,00:53,UTC,1.2
2022,12,14,00:54,UTC,1.3
2022,12,14,00:55,UTC,1.3
2022,12,14,00:56,UTC,1.5
2022,12,14,00:57,UTC,1.6
2022,12,14,00:58,UTC,1.5
2022,12,14,00:59,UTC,1.5
2022,12,14,01:00,UTC,1.5
2022,12,14,01:01,UTC,1.7
2022,12,14,01:02,UTC,1.4
2022,12,14,01:03,UTC,1.2
2022,12,14,01:04,UTC,1.3
2022,12,14,01:05,UTC,1.5
2022,12,14,01:06,UTC,1.7
2022,12,14,01:07,UTC,1.6
2022,12,14,01:08,UTC,1.7
2022,12,14,01:09,UTC,1.8
2022,12,14,01:10,UTC,2
2022,12,14,01:11,UTC,2
2022,12,14,01:12,UTC,1.9
2022,12,14,01:13,UTC,1.9
2022,12,14,01:14,UTC,2
2022,12,14,01:15,UTC,2.1
2022,12,14,01:16,UTC,1.9
2022,12,14,01:17,UTC,2.1
2022,12,14,01:18,UTC,2.1
2022,12,14,01:19,UTC,2
2022,12,14,01:20,UTC,1.9
2022,12,14,01:21,UTC,2.1
2022,12,14,01:22,UTC,1.9
2022,12,14,01:23,UTC,1.8
2022,12,14,01:24,UTC,1.6
2022,12,14,01:25,UTC,1.4
2022,12,14,01:26,UTC,1.3
2022,12,14,01:27,UTC,1.3
2022,12,14,01:28,UTC,1.2
2022,12,14,01:29,UTC,1.3
2022,12,14,01:30,UTC,1.4
2022,12,14,01:31,UTC,1.4
2022,12,14,01:32,UTC,1.4
2022,12,14,01:33,UTC,1.4
2022,12,14,01:34,UTC,1.6
2022,12,14,01:35,UTC,1.7
2022,12,14,01:36,UTC,2
2022,12,14,01:37,UTC,2
2022,12,14,01:38,UTC,1.7
2022,12,14,01:39,UTC,1.7
2022,12,14,01:40,UTC,1.7
2022,12,14,01:41,UTC,1.8
2022,12,14,01:42,UTC,1.9
2022,12,14,01:43,UTC,1.8
2022,12,14,01:44,UTC,2
2022,12,14,01:45,UTC,2.1
2022,12,14,01:46,UTC,2.1
2022,12,14,01:47,UTC,2.1
2022,12,14,01:48,UTC,1.9
2022,12,14,01:49,UTC,2.1
2022,12,14,01:50,UTC,2.2
2022,12,14,01:51,UTC,2.3
2022,12,14,01:52,UTC,2.4
2022,12,14,01:53,UTC,2.7
2022,12,14,01:54,UTC,2.5
2022,12,14,01:55,UTC,2.6
2022,12,14,01:56,UTC,2.7
2022,12,14,01:57,UTC,2.7
2022,12,14,01:58,UTC,2.8
2022,12,14,01:59,UTC,3
2022,12,14,02:00,UTC,2.9
2022,12,14,02:01,UTC,2.6
2022,12,14,02:02,UTC,2.6
2022,12,14,02:03,UTC,2.6
2022,12,14,02:04,UTC,2.7
2022,12,14,02:05,UTC,2.7
2022,12,14,02:06,UTC,2.6
2022,12,14,02:07,UTC,2.2
2022,12,14,02:08,UTC,2.2
2022,12,14,02:09,UTC,2.2
2022,12,14,02:10,UTC,2.1
2022,12,14,02:11,UTC,1.9
2022,12,14,02:12,UTC,1.9
2022,12,14,02:13,UTC,2
2022,12,14,02:14,UTC,2.1
2022,12,14,02:15,UTC,2.2
2022,12,14,02:16,UTC,2.3
2022,12,14,02:17,UTC,2.1
2022,12,14,02:18,UTC,1.9
2022,12,14,02:19,UTC,2
2022,12,14,02:20,UTC,2.1
2022,12,14,02:21,UTC,2
2022,12,14,02:22,UTC,2.2
2022,12,14,02:23,UTC,2.2
2022,12,14,02:24,UTC,2
2022,12,14,02:25,UTC,2.1
2022,12,14,02:26,UTC,2
2022,12,14,02:27,UTC,2.2
2022,12,14,02:28,UTC,2.2
2022,12,14,02:29,UTC,2.2
2022,12,14,02:30,UTC,2.1
2022,12,14,02:31,UTC,2.1
2022,12,14,02:32,UTC,2.3
2022,12,14,02:33,UTC,2.4
2022,12,14,02:34,UTC,2.5
2022,12,14,02:35,UTC,2.4
2022,12,14,02:36,UTC,2.3
2022,12,14,02:37,UTC,2.2
2022,12,14,02:38,UTC,2.1
2022,12,14,02:39,UTC,2.2
2022,12,14,02:40,UTC,2.1
2022,12,14,02:41,UTC,2.2
2022,12,14,02:42,UTC,2.4
2022,12,14,02:43,UTC,2.5
2022,12,14,02:44,UTC,2.4
2022,12,14,02:45,UTC,2.3
2022,12,14,02:46,UTC,2.4
2022,12,14,02:47,UTC,2.6
2022,12,14,02:48,UTC,2.7
2022,12,14,02:49,UTC,2.6
2022,12,14,02:50,UTC,2.7
2022,12,14,02:51,UTC,2.6
2022,12,14,02:52,UTC,2.6
2022,12,14,02:53,UTC,2.7
2022,12,14,02:54,UTC,2.8
2022,12,14,02:55,UTC,2.9
2022,12,14,02:56,UTC,2.9
2022,12,14,02:57,UTC,2.8
2022,12,14,02:58,UTC,2.6
2022,12,14,02:59,UTC,2.6
2022,12,14,03:00,UTC,2.8
2022,12,14,03:01,UTC,2.8
2022,12,14,03:02,UTC,3.1
2022,12,14,03:03,UTC,2.9
2022,12,14,03:04,UTC,2.9
2022,12,14,03:05,UTC,2.7
2022,12,14,03:06,UTC,2.5
2022,12,14,03:07,UTC,2.6
2022,12,14,03:08,UTC,2.7
2022,12,14,03:09,UTC,3
2022,12,14,03:10,UTC,3
2022,12,14,03:11,UTC,3
2022,12,14,03:12,UTC,3
2022,12,14,03:13,UTC,3.1
2022,12,14,03:14,UTC,3
2022,12,14,03:15,UTC,3.1
2022,12,14,03:16,UTC,2.9
2022,12,14,03:17,UTC,3.1
2022,12,14,03:18,UTC,3
2022,12,14,03:19,UTC,3
2022,12,14,03:20,UTC,3.1
2022,12,14,03:21,UTC,3
2022,12,14,03:22,UTC,2.4
2022,12,14,03:23,UTC,2.4
2022,12,14,03:24,UTC,2.2
2022,12,14,03:25,UTC,2.3
2022,12,14,03:26,UTC,2.3
2022,12,14,03:27,UTC,2.3
2022,12,14,03:28,UTC,2.4
2022,12,14,03:29,UTC,2.7
2022,12,14,03:30,UTC,2.8
2022,12,14,03:31,UTC,2.6
2022,12,14,03:32,UTC,2.6
2022,12,14,03:33,UTC,2.7
2022,12,14,03:34,UTC,2.5
2022,12,14,03:35,UTC,2.5
2022,12,14,03:36,UTC,2.4
2022,12,14,03:37,UTC,2.6
2022,12,14,03:38,UTC,2.4
2022,12,14,03:39,UTC,2.5
2022,12,14,03:40,UTC,2.4
2022,12,14,03:41,UTC,2.3
2022,12,14,03:42,UTC,2.3
2022,12,14,03:43,UTC,2.2
2022,12,14,03:44,UTC,2.2
2022,12,14,03:45,UTC,2.1
2022,12,14,03:46,UTC,2.3
2022,12,14,03:47,UTC,2.4
2022,12,14,03:48,UTC,2.3
2022,12,14,03:49,UTC,2.4
2022,12,14,03:50,UTC,2.3
2022,12,14,03:51,UTC,2.1
2022,12,14,03:52,UTC,2
2022,12,14,03:53,UTC,2
2022,12,14,03:54,UTC,1.8
2022,12,14,03:55,UTC,2
2022,12,14,03:56,UTC,1.9
2022,12,14,03:57,UTC,2
2022,12,14,03:58,UTC,2
2022,12,14,03:59,UTC,2.4
2022,12,14,04:00,UTC,2.1
2022,12,14,04:01,UTC,2.2
2022,12,14,04:02,UTC,2.1
2022,12,14,04:03,UTC,2
2022,12,14,04:04,UTC,1.8
2022,12,14,04:05,UTC,1.7
2022,12,14,04:06,UTC,1.7
2022,12,14,04:07,UTC,1.9
2022,12,14,04:08,UTC,1.8
2022,12,14,04:09,UTC,2.1
2022,12,14,04:10,UTC,2.2
2022,12,14,04:11,UTC,2.2
2022,12,14,04:12,UTC,1.9
2022,12,14,04:13,UTC,2
2022,12,14,04:14,UTC,1.9
2022,12,14,04:15,UTC,2.3
2022,12,14,04:16,UTC,2.1
2022,12,14,04:17,UTC,2.2
2022,12,14,04:18,UTC,2.2
2022,12,14,04:19,UTC,1.9
2022,12,14,04:20,UTC,1.6
2022,12,14,04:21,UTC,1.7
2022,12,14,04:22,UTC,1.2
2022,12,14,04:23,UTC,0.9
2022,12,14,04:24,UTC,0.8
2022,12,14,04:25,UTC,0.7
2022,12,14,04:26,UTC,0.8
2022,12,14,04:27,UTC,0.5
2022,12,14,04:28,UTC,0.3
2022,12,14,04:29,UTC,0.7
2022,12,14,04:30,UTC,1.3
2022,12,14,04:31,UTC,1.3
2022,12,14,04:32,UTC,1
2022,12,14,04:33,UTC,0.7
2022,12,14,04:34,UTC,0.7
2022,12,14,04:35,UTC,0.4
2022,12,14,04:36,UTC,0.5
2022,12,14,04:37,UTC,0
2022,12,14,04:38,UTC,-0.1
2022,12,14,04:39,UTC,0.1
2022,12,14,04:40,UTC,0.2
2022,12,14,04:41,UTC,0
2022,12,14,04:42,UTC,0
2022,12,14,04:43,UTC,-0.1
2022,12,14,04:44,UTC,0.1
2022,12,14,04:45,UTC,0.2
2022,12,14,04:46,UTC,0.6
2022,12,14,04:47,UTC,0.7
2022,12,14,04:48,UTC,0.3
2022,12,14,04:49,UTC,0.2
2022,12,14,04:50,UTC,0.5
2022,12,14,04:51,UTC,0.5
2022,12,14,04:52,UTC,0.6
2022,12,14,04:53,UTC,0.6
2022,12,14,04:54,UTC,0.9
2022,12,14,04:55,UTC,0.9
2022,12,14,04:56,UTC,0.6
2022,12,14,04:57,UTC,0.5
2022,12,14,04:58,UTC,0.3
2022,12,14,04:59,UTC,0.6
2022,12,14,05:00,UTC,0.3
2022,12,14,05:01,UTC,0.3
2022,12,14,05:02,UTC,0.4
2022,12,14,05:03,UTC,0.5
2022,12,14,05:04,UTC,0.6
2022,12,14,05:05,UTC,0.6
2022,12,14,05:06,UTC,0.2
2022,12,14,05:07,UTC,-0.2
2022,12,14,05:08,UTC,-0.3
2022,12,14,05:09,UTC,-0.4
2022,12,14,05:10,UTC,-0.4
2022,12,14,05:11,UTC,-0.4
2022,12,14,05:12,UTC,-0.1
2022,12,14,05:13,UTC,0
2022,12,14,05:14,UTC,-0.2
2022,12,14,05:15,UTC,-0.3
2022,12,14,05:16,UTC,-0.5
2022,12,14,05:17,UTC,-0.1
2022,12,14,05:18,UTC,0
2022,12,14,05:19,UTC,-0.2
2022,12,14,05:20,UTC,-0.1
2022,12,14,05:21,UTC,-0.1
2022,12,14,05:22,UTC,-0.1
2022,12,14,05:23,UTC,-0.1
2022,12,14,05:24,UTC,0.2
2022,12,14,05:25,UTC,0.2
2022,12,14,05:26,UTC,0.1
2022,12,14,05:27,UTC,0.2
2022,12,14,05:28,UTC,0.5
2022,12,14,05:29,UTC,0.3
2022,12,14,05:30,UTC,0.3
2022,12,14,05:31,UTC,0.2
2022,12,14,05:32,UTC,0.6
2022,12,14,05:33,UTC,0.7
2022,12,14,05:34,UTC,0.4
2022,12,14,05:35,UTC,0.4
2022,12,14,05:36,UTC,0.7
2022,12,14,05:37,UTC,0.7
2022,12,14,05:38,UTC,0.8
2022,12,14,05:39,UTC,0.8
2022,12,14,05:40,UTC,0.8
2022,12,14,05:41,UTC,0.6
2022,12,14,05:42,UTC,0.6
2022,12,14,05:43,UTC,0.8
2022,12,14,05:44,UTC,0.3
2022,12,14,05:45,UTC,0.4
2022,12,14,05:46,UTC,0.4
2022,12,14,05:47,UTC,0.3
2022,12,14,05:48,UTC,0.1
2022,12,14,05:49,UTC,0.3
2022,12,14,05:50,UTC,0.1
2022,12,14,05:51,UTC,0
2022,12,14,05:52,UTC,0.4
2022,12,14,05:53,UTC,0.8
2022,12,14,05:54,UTC,0.8
2022,12,14,05:55,UTC,0.6
2022,12,14,05:56,UTC,0.5
2022,12,14,05:57,UTC,0.4
2022,12,14,05:58,UTC,0.6
2022,12,14,05:59,UTC,0.8
2022,12,14,06:00,UTC,0.5
2022,12,14,06:01,UTC,0.6
2022,12,14,06:02,UTC,0.8
2022,12,14,06:03,UTC,0.7
2022,12,14,06:04,UTC,0.6
2022,12,14,06:05,UTC,0.7
2022,12,14,06:06,UTC,0.6
2022,12,14,06:07,UTC,0.9
2022,12,14,06:08,UTC,1
2022,12,14,06:09,UTC,1
2022,12,14,06:10,UTC,1.4
2022,12,14,06:11,UTC,1.7
2022,12,14,06:12,UTC,1.4
2022,12,14,06:13,UTC,1.2
2022,12,14,06:14,UTC,1.2
2022,12,14,06:15,UTC,1.5
2022,12,14,06:16,UTC,1.6
2022,12,14,06:17,UTC,1.4
2022,12,14,06:18,UTC,1.6
2022,12,14,06:19,UTC,1.5
2022,12,14,06:20,UTC,1.4
2022,12,14,06:21,UTC,1.4
2022,12,14,06:22,UTC,1
2022,12,14,06:23,UTC,1.1
2022,12,14,06:24,UTC,0.7
2022,12,14,06:25,UTC,0.6
2022,12,14,06:26,UTC,0.4
2022,12,14,06:27,UTC,0.4
2022,12,14,06:28,UTC,0.3
2022,12,14,06:29,UTC,0.5
2022,12,14,06:30,UTC,0.5
2022,12,14,06:31,UTC,0.5
2022,12,14,06:32,UTC,0.9
2022,12,14,06:33,UTC,0.8
2022,12,14,06:34,UTC,0.5
2022,12,14,06:35,UTC,0.5
2022,12,14,06:36,UTC,0.7
2022,12,14,06:37,UTC,0.9
2022,12,14,06:38,UTC,0.5
2022,12,14,06:39,UTC,0.4
2022,12,14,06:40,UTC,0.2
2022,12,14,06:41,UTC,0.2
2022,12,14,06:42,UTC,0
2022,12,14,06:43,UTC,-0.1
2022,12,14,06:44,UTC,-0.2
2022,12,14,06:45,UTC,-0.2
2022,12,14,06:46,UTC,-0.5
2022,12,14,06:47,UTC,-0.5
2022,12,14,06:48,UTC,-0.6
2022,12,14,06:49,UTC,-0.5
2022,12,14,06:50,UTC,-0.1
2022,12,14,06:51,UTC,0.3
2022,12,14,06:52,UTC,0.6
2022,12,14,06:53,UTC,0.6
2022,12,14,06:54,UTC,0.9
2022,12,14,06:55,UTC,0.6
2022,12,14,06:56,UTC,0.6
2022,12,14,06:57,UTC,0.4
2022,12,14,06:58,UTC,0.6
2022,12,14,06:59,UTC,0.8
2022,12,14,07:00,UTC,0.8
2022,12,14,07:01,UTC,0.3
2022,12,14,07:02,UTC,-0.1
2022,12,14,07:03,UTC,0
2022,12,14,07:04,UTC,0
2022,12,14,07:05,UTC,0.1
2022,12,14,07:06,UTC,0.1
2022,12,14,07:07,UTC,0.2
2022,12,14,07:08,UTC,0.2
2022,12,14,07:09,UTC,0.4
2022,12,14,07:10,UTC,0.4
2022,12,14,07:11,UTC,0.6
2022,12,14,07:12,UTC,0.6
2022,12,14,07:13,UTC,0.8
2022,12,14,07:14,UTC,1
2022,12,14,07:15,UTC,1
2022,12,14,07:16,UTC,1.2
2022,12,14,07:17,UTC,1.4
2022,12,14,07:18,UTC,3.1
2022,12,14,07:19,UTC,5.2
2022,12,14,07:20,UTC,4.2
2022,12,14,07:21,UTC,1.7
2022,12,14,07:22,UTC,3.6
2022,12,14,07:23,UTC,10.1
2022,12,14,07:24,UTC,6.4
2022,12,14,07:25,UTC,3.5
2022,12,14,07:26,UTC,2.1
2022,12,14,07:27,UTC,2
2022,12,14,07:28,UTC,3.9
2022,12,14,07:29,UTC,9.2
2022,12,14,07:30,UTC,4.1
2022,12,14,07:31,UTC,2.7
2022,12,14,07:32,UTC,2.6
2022,12,14,07:33,UTC,2.2
2022,12,14,07:34,UTC,2.2
2022,12,14,07:35,UTC,2.3
2022,12,14,07:36,UTC,2
2022,12,14,07:37,UTC,2.1
2022,12,14,07:38,UTC,2.1
2022,12,14,07:39,UTC,2.1
2022,12,14,07:40,UTC,2
2022,12,14,07:41,UTC,1.9
2022,12,14,07:42,UTC,1.9
2022,12,14,07:43,UTC,2
2022,12,14,07:44,UTC,2.2
2022,12,14,07:45,UTC,2.1
2022,12,14,07:46,UTC,2.3
2022,12,14,07:47,UTC,2.3
2022,12,14,07:48,UTC,2.4
2022,12,14,07:49,UTC,2.4
2022,12,14,07:50,UTC,2.6
2022,12,14,07:51,UTC,2.9
2022,12,14,07:52,UTC,2.9
2022,12,14,07:53,UTC,5.4
2022,12,14,07:54,UTC,7.5
2022,12,14,07:55,UTC,52.3
2022,12,14,07:56,UTC,124.1
2022,12,14,07:57,UTC,140.6
2022,12,14,07:58,UTC,305.3
2022,12,14,07:59,UTC,308.2
2022,12,14,08:00,UTC,312.1
2022,12,14,08:01,UTC,319.5
2022,12,14,08:02,UTC,324.3
2022,12,14,08:03,UTC,327.5
2022,12,14,08:04,UTC,334
2022,12,14,08:05,UTC,339.6
2022,12,14,08:06,UTC,345.5
2022,12,14,08:07,UTC,350.4
2022,12,14,08:08,UTC,352
2022,12,14,08:09,UTC,343.2
2022,12,14,08:10,UTC,345.7
2022,12,14,08:11,UTC,359.2
2022,12,14,08:12,UTC,351.1
2022,12,14,08:13,UTC,327.2
2022,12,14,08:14,UTC,341.6
2022,12,14,08:15,UTC,305.7
2022,12,14,08:16,UTC,319
2022,12,14,08:17,UTC,308.6
2022,12,14,08:18,UTC,321.7
2022,12,14,08:19,UTC,316.1
2022,12,14,08:20,UTC,292.2
2022,12,14,08:21,UTC,320.1
2022,12,14,08:22,UTC,343.8
2022,12,14,08:23,UTC,328.9
2022,12,14,08:24,UTC,334.1
2022,12,14,08:25,UTC,339
2022,12,14,08:26,UTC,342.6
2022,12,14,08:27,UTC,334.8
2022,12,14,08:28,UTC,295.8
2022,12,14,08:29,UTC,292.5
2022,12,14,08:30,UTC,315.8
2022,12,14,08:31,UTC,271.8
2022,12,14,08:32,UTC,258.3
2022,12,14,08:33,UTC,294.4
2022,12,14,08:34,UTC,341.1
2022,12,14,08:35,UTC,323.6
2022,12,14,08:36,UTC,305.5
2022,12,14,08:37,UTC,382.7
2022,12,14,08:38,UTC,419.6
2022,12,14,08:39,UTC,402.3
2022,12,14,08:40,UTC,427.1
2022,12,14,08:41,UTC,440.2
2022,12,14,08:42,UTC,449.3
2022,12,14,08:43,UTC,452.3
2022,12,14,08:44,UTC,454.6
2022,12,14,08:45,UTC,457.4
2022,12,14,08:46,UTC,458.6
2022,12,14,08:47,UTC,459.5
2022,12,14,08:48,UTC,461.7
2022,12,14,08:49,UTC,464.6
2022,12,14,08:50,UTC,466.7
2022,12,14,08:51,UTC,469.1
2022,12,14,08:52,UTC,471.5
2022,12,14,08:53,UTC,474.6
2022,12,14,08:54,UTC,476.2
2022,12,14,08:55,UTC,479.1
2022,12,14,08:56,UTC,482.1
2022,12,14,08:57,UTC,484.2
2022,12,14,08:58,UTC,485
2022,12,14,08:59,UTC,487.5
2022,12,14,09:00,UTC,488.6
2022,12,14,09:01,UTC,489.2
2022,12,14,09:02,UTC,490.8
2022,12,14,09:03,UTC,491.8
2022,12,14,09:04,UTC,492.9
2022,12,14,09:05,UTC,494.4
2022,12,14,09:06,UTC,495.6
2022,12,14,09:07,UTC,496.5
2022,12,14,09:08,UTC,498
2022,12,14,09:09,UTC,499.2
2022,12,14,09:10,UTC,500.9
2022,12,14,09:11,UTC,502.9
2022,12,14,09:12,UTC,504.9
2022,12,14,09:13,UTC,504.9
2022,12,14,09:14,UTC,506.2
2022,12,14,09:15,UTC,507.4
2022,12,14,09:16,UTC,508.2
2022,12,14,09:17,UTC,509.5
2022,12,14,09:18,UTC,511.5
2022,12,14,09:19,UTC,513.2
2022,12,14,09:20,UTC,514.6
2022,12,14,09:21,UTC,516.9
2022,12,14,09:22,UTC,518.1
2022,12,14,09:23,UTC,518.7
2022,12,14,09:24,UTC,518.9
2022,12,14,09:25,UTC,518.3
2022,12,14,09:26,UTC,517.4
2022,12,14,09:27,UTC,521.9
2022,12,14,09:28,UTC,524.3
2022,12,14,09:29,UTC,523.9
2022,12,14,09:30,UTC,524.3
2022,12,14,09:31,UTC,525.3
2022,12,14,09:32,UTC,525.3
2022,12,14,09:33,UTC,525.8
2022,12,14,09:34,UTC,525.1
2022,12,14,09:35,UTC,516.8
2022,12,14,09:36,UTC,530.8
2022,12,14,09:37,UTC,532.7
2022,12,14,09:38,UTC,532.9
2022,12,14,09:39,UTC,533.9
2022,12,14,09:40,UTC,534.2
2022,12,14,09:41,UTC,532.6
2022,12,14,09:42,UTC,534.7
2022,12,14,09:43,UTC,537.1
2022,12,14,09:44,UTC,534.8
2022,12,14,09:45,UTC,534.8
2022,12,14,09:46,UTC,536.1
2022,12,14,09:47,UTC,421.5
2022,12,14,09:48,UTC,322.2
2022,12,14,09:49,UTC,119
2022,12,14,09:50,UTC,114
2022,12,14,09:51,UTC,325.5
2022,12,14,09:52,UTC,214.3
2022,12,14,09:53,UTC,199.7
2022,12,14,09:54,UTC,29.3
2022,12,14,09:55,UTC,31.1
2022,12,14,09:56,UTC,23.1
2022,12,14,09:57,UTC,14.2
2022,12,14,09:58,UTC,9.1
2022,12,14,09:59,UTC,4.1
2022,12,14,10:00,UTC,7.6
2022,12,14,10:01,UTC,5.4
2022,12,14,10:02,UTC,3.5
2022,12,14,10:03,UTC,3.1
2022,12,14,10:04,UTC,5.2
2022,12,14,10:05,UTC,3.4
2022,12,14,10:06,UTC,2.6
2022,12,14,10:07,UTC,1.9
2022,12,14,10:08,UTC,4
2022,12,14,10:09,UTC,7.9
2022,12,14,10:10,UTC,8.5
2022,12,14,10:11,UTC,8.9
2022,12,14,10:12,UTC,5.5
2022,12,14,10:13,UTC,4.3
2022,12,14,10:14,UTC,2.8
2022,12,14,10:15,UTC,5.7
2022,12,14,10:16,UTC,6.1
2022,12,14,10:17,UTC,10.5
2022,12,14,10:18,UTC,10.6
2022,12,14,10:19,UTC,2.1
2022,12,14,10:20,UTC,1.1
2022,12,14,10:21,UTC,0.3
2022,12,14,10:22,UTC,0.8
2022,12,14,10:23,UTC,0.9
2022,12,14,10:24,UTC,1
2022,12,14,10:25,UTC,1.3
2022,12,14,10:26,UTC,1
2022,12,14,10:27,UTC,1
2022,12,14,10:28,UTC,1
2022,12,14,10:29,UTC,0.9
2022,12,14,10:30,UTC,0.9
2022,12,14,10:31,UTC,0.9
2022,12,14,10:32,UTC,0.9
2022,12,14,10:33,UTC,1.1
2022,12,14,10:34,UTC,1.1
2022,12,14,10:35,UTC,1.4
2022,12,14,10:36,UTC,1.3
2022,12,14,10:37,UTC,1.4
2022,12,14,10:38,UTC,1.6
2022,12,14,10:39,UTC,1.4
2022,12,14,10:40,UTC,1.7
2022,12,14,10:41,UTC,1.6
2022,12,14,10:42,UTC,2
2022,12,14,10:43,UTC,2
2022,12,14,10:44,UTC,1.8
2022,12,14,10:45,UTC,2
2022,12,14,10:46,UTC,2
2022,12,14,10:47,UTC,1.9
2022,12,14,10:48,UTC,1.7
2022,12,14,10:49,UTC,1.6
2022,12,14,10:50,UTC,1.4
2022,12,14,10:51,UTC,1.1
2022,12,14,10:52,UTC,0.5
2022,12,14,10:53,UTC,0
2022,12,14,10:54,UTC,-0.3
2022,12,14,10:55,UTC,-0.3
2022,12,14,10:56,UTC,0
2022,12,14,10:57,UTC,0.1
2022,12,14,10:58,UTC,0
2022,12,14,10:59,UTC,0.3
2022,12,14,11:00,UTC,0.1
2022,12,14,11:01,UTC,0.2
2022,12,14,11:02,UTC,0.2
2022,12,14,11:03,UTC,0.5
2022,12,14,11:04,UTC,0.8
2022,12,14,11:05,UTC,0.9
2022,12,14,11:06,UTC,1
2022,12,14,11:07,UTC,1.3
2022,12,14,11:08,UTC,1.6
2022,12,14,11:09,UTC,2.1
2022,12,14,11:10,UTC,2
2022,12,14,11:11,UTC,2.1
2022,12,14,11:12,UTC,2.1
2022,12,14,11:13,UTC,2.1
2022,12,14,11:14,UTC,2.4
2022,12,14,11:15,UTC,2.7
2022,12,14,11:16,UTC,2.6
2022,12,14,11:17,UTC,2.3
2022,12,14,11:18,UTC,2.2
2022,12,14,11:19,UTC,2.1
2022,12,14,11:20,UTC,2
2022,12,14,11:21,UTC,1.6
2022,12,14,11:22,UTC,1.1
2022,12,14,11:23,UTC,0.8
2022,12,14,11:24,UTC,0.6
2022,12,14,11:25,UTC,0.5
2022,12,14,11:26,UTC,0.3
2022,12,14,11:27,UTC,0.1
2022,12,14,11:28,UTC,-0.4
2022,12,14,11:29,UTC,-0.5
2022,12,14,11:30,UTC,-0.7
2022,12,14,11:31,UTC,-1.1
2022,12,14,11:32,UTC,-1.3
2022,12,14,11:33,UTC,-1.5
2022,12,14,11:34,UTC,-1.7
2022,12,14,11:35,UTC,-1.5
2022,12,14,11:36,UTC,-1.2
2022,12,14,11:37,UTC,-0.7
2022,12,14,11:38,UTC,-0.6
2022,12,14,11:39,UTC,-0.6
2022,12,14,11:40,UTC,-0.7
2022,12,14,11:41,UTC,-0.6
2022,12,14,11:42,UTC,-0.7
2022,12,14,11:43,UTC,-0.6
2022,12,14,11:44,UTC,-0.3
2022,12,14,11:45,UTC,-0.2
2022,12,14,11:46,UTC,-0.2
2022,12,14,11:47,UTC,0
2022,12,14,11:48,UTC,0
2022,12,14,11:49,UTC,-0.1
2022,12,14,11:50,UTC,-0.3
2022,12,14,11:51,UTC,-0.2
2022,12,14,11:52,UTC,-0.4
2022,12,14,11:53,UTC,-0.6
2022,12,14,11:54,UTC,-0.5
2022,12,14,11:55,UTC,-0.3
2022,12,14,11:56,UTC,-0.4
2022,12,14,11:57,UTC,-0.3
2022,12,14,11:58,UTC,-0.3
2022,12,14,11:59,UTC,-0.4
2022,12,14,12:00,UTC,-0.3
2022,12,14,12:01,UTC,-0.2
2022,12,14,12:02,UTC,-0.2
2022,12,14,12:03,UTC,0.1
2022,12,14,12:04,UTC,0
2022,12,14,12:05,UTC,0.1
2022,12,14,12:06,UTC,-0.1
2022,12,14,12:07,UTC,0.6
2022,12,14,12:08,UTC,0.6
2022,12,14,12:09,UTC,0.7
2022,12,14,12:10,UTC,0.9
2022,12,14,12:11,UTC,0.8
2022,12,14,12:12,UTC,0.7
2022,12,14,12:13,UTC,0.8
2022,12,14,12:14,UTC,0.8
2022,12,14,12:15,UTC,0.6
2022,12,14,12:16,UTC,0.7
2022,12,14,12:17,UTC,0.9
2022,12,14,12:18,UTC,1
2022,12,14,12:19,UTC,0.9
2022,12,14,12:20,UTC,0.9
2022,12,14,12:21,UTC,1
2022,12,14,12:22,UTC,0.9
2022,12,14,12:23,UTC,0.6
2022,12,14,12:24,UTC,0.6
2022,12,14,12:25,UTC,0.5
2022,12,14,12:26,UTC,0.3
2022,12,14,12:27,UTC,0.3
2022,12,14,12:28,UTC,0.3
2022,12,14,12:29,UTC,0.2
2022,12,14,12:30,UTC,0.2
2022,12,14,12:31,UTC,0.1
2022,12,14,12:32,UTC,0.1
2022,12,14,12:33,UTC,0
2022,12,14,12:34,UTC,0.1
2022,12,14,12:35,UTC,0.2
2022,12,14,12:36,UTC,0.2
2022,12,14,12:37,UTC,0.6
2022,12,14,12:38,UTC,0.6
2022,12,14,12:39,UTC,0.5
2022,12,14,12:40,UTC,0.7
2022,12,14,12:41,UTC,0.7
2022,12,14,12:42,UTC,0.9
2022,12,14,12:43,UTC,0.7
2022,12,14,12:44,UTC,0.5
2022,12,14,12:45,UTC,0.5
2022,12,14,12:46,UTC,0.5
2022,12,14,12:47,UTC,0.4
2022,12,14,12:48,UTC,0.6
2022,12,14,12:49,UTC,0.7
2022,12,14,12:50,UTC,0.7
2022,12,14,12:51,UTC,0.4
2022,12,14,12:52,UTC,0.3
2022,12,14,12:53,UTC,0.2
2022,12,14,12:54,UTC,0.2
2022,12,14,12:55,UTC,0.1
2022,12,14,12:56,UTC,0.1
2022,12,14,12:57,UTC,0.2
2022,12,14,12:58,UTC,0.3
2022,12,14,12:59,UTC,0.2
2022,12,14,13:00,UTC,0.2
2022,12,14,13:01,UTC,0.3
2022,12,14,13:02,UTC,0.4
2022,12,14,13:03,UTC,0.7
2022,12,14,13:04,UTC,0.5
2022,12,14,13:05,UTC,0.6
2022,12,14,13:06,UTC,0.6
2022,12,14,13:07,UTC,0.3
2022,12,14,13:08,UTC,0.5
2022,12,14,13:09,UTC,0.3
2022,12,14,13:10,UTC,0.4
2022,12,14,13:11,UTC,0.3
2022,12,14,13:12,UTC,0.4
2022,12,14,13:13,UTC,0.3
2022,12,14,13:14,UTC,0.4
2022,12,14,13:15,UTC,0.6
2022,12,14,13:16,UTC,0.6
2022,12,14,13:17,UTC,0.5
2022,12,14,13:18,UTC,0.4
2022,12,14,13:19,UTC,0.5
2022,12,14,13:20,UTC,0.6
2022,12,14,13:21,UTC,0.7
2022,12,14,13:22,UTC,1
2022,12,14,13:23,UTC,1.1
2022,12,14,13:24,UTC,1.1
2022,12,14,13:25,UTC,1
2022,12,14,13:26,UTC,1.2
2022,12,14,13:27,UTC,1.2
2022,12,14,13:28,UTC,1.1
2022,12,14,13:29,UTC,1
2022,12,14,13:30,UTC,1
2022,12,14,13:31,UTC,1.1
2022,12,14,13:32,UTC,1.1
2022,12,14,13:33,UTC,1.3
2022,12,14,13:34,UTC,1.3
2022,12,14,13:35,UTC,1.3
2022,12,14,13:36,UTC,1.2
2022,12,14,13:37,UTC,1.1
2022,12,14,13:38,UTC,1.3
2022,12,14,13:39,UTC,1.2
2022,12,14,13:40,UTC,1.1
2022,12,14,13:41,UTC,1.1
2022,12,14,13:42,UTC,1.1
2022,12,14,13:43,UTC,1.2
2022,12,14,13:44,UTC,1.2
2022,12,14,13:45,UTC,1
2022,12,14,13:46,UTC,1
2022,12,14,13:47,UTC,0.9
2022,12,14,13:48,UTC,1.1
2022,12,14,13:49,UTC,0.9
2022,12,14,13:50,UTC,1
2022,12,14,13:51,UTC,1
2022,12,14,13:52,UTC,0.6
2022,12,14,13:53,UTC,0.4
2022,12,14,13:54,UTC,0.4
2022,12,14,13:55,UTC,0.2
2022,12,14,13:56,UTC,0.1
2022,12,14,13:57,UTC,0.2
2022,12,14,13:58,UTC,0.1
2022,12,14,13:59,UTC,0
2022,12,14,14:00,UTC,0.2
2022,12,14,14:01,UTC,0
2022,12,14,14:02,UTC,0.1
2022,12,14,14:03,UTC,-0.1
2022,12,14,14:04,UTC,-0.2
2022,12,14,14:05,UTC,0
2022,12,14,14:06,UTC,0
2022,12,14,14:07,UTC,0.3
2022,12,14,14:08,UTC,0.4
2022,12,14,14:09,UTC,0.3
2022,12,14,14:10,UTC,0.2
2022,12,14,14:11,UTC,0.2
2022,12,14,14:12,UTC,0.1
2022,12,14,14:13,UTC,0.2
2022,12,14,14:14,UTC,0.3
2022,12,14,14:15,UTC,0.3
2022,12,14,14:16,UTC,0.3
2022,12,14,14:17,UTC,0
2022,12,14,14:18,UTC,0.2
2022,12,14,14:19,UTC,0.2
2022,12,14,14:20,UTC,0.3
2022,12,14,14:21,UTC,0.1
2022,12,14,14:22,UTC,-0.1
2022,12,14,14:23,UTC,0
2022,12,14,14:24,UTC,0
2022,12,14,14:25,UTC,0
2022,12,14,14:26,UTC,-0.1
2022,12,14,14:27,UTC,0.1
2022,12,14,14:28,UTC,0
2022,12,14,14:29,UTC,0.2
2022,12,14,14:30,UTC,0.3
2022,12,14,14:31,UTC,0.4
2022,12,14,14:32,UTC,0.4
2022,12,14,14:33,UTC,0.6
2022,12,14,14:34,UTC,0.5
2022,12,14,14:35,UTC,0.4
2022,12,14,14:36,UTC,0.5
2022,12,14,14:37,UTC,0.5
2022,12,14,14:38,UTC,0.6
2022,12,14,14:39,UTC,0.4
2022,12,14,14:40,UTC,0.7
2022,12,14,14:41,UTC,0.6
2022,12,14,14:42,UTC,0.7
2022,12,14,14:43,UTC,0.8
2022,12,14,14:44,UTC,0.8
2022,12,14,14:45,UTC,0.7
2022,12,14,14:46,UTC,0.8
2022,12,14,14:47,UTC,0.7
2022,12,14,14:48,UTC,0.7
2022,12,14,14:49,UTC,0.7
2022,12,14,14:50,UTC,0.9
2022,12,14,14:51,UTC,1.1
2022,12,14,14:52,UTC,0.8
2022,12,14,14:53,UTC,0.5
2022,12,14,14:54,UTC,0.4
2022,12,14,14:55,UTC,0.7
2022,12,14,14:56,UTC,0.7
2022,12,14,14:57,UTC,0.8
2022,12,14,14:58,UTC,0.6
2022,12,14,14:59,UTC,0.6
2022,12,14,15:00,UTC,0.6
2022,12,14,15:01,UTC,0.7
2022,12,14,15:02,UTC,0.6
2022,12,14,15:03,UTC,0.6
2022,12,14,15:04,UTC,0.7
2022,12,14,15:05,UTC,0.7
2022,12,14,15:06,UTC,0.7
2022,12,14,15:07,UTC,0.6
2022,12,14,15:08,UTC,0.7
2022,12,14,15:09,UTC,0.7
2022,12,14,15:10,UTC,0.7
2022,12,14,15:11,UTC,0.8
2022,12,14,15:12,UTC,0.7
2022,12,14,15:13,UTC,0.7
2022,12,14,15:14,UTC,0.6
2022,12,14,15:15,UTC,0.6
2022,12,14,15:16,UTC,0.4
2022,12,14,15:17,UTC,0.4
2022,12,14,15:18,UTC,0.4
2022,12,14,15:19,UTC,0.7
2022,12,14,15:20,UTC,0.7
2022,12,14,15:21,UTC,0.7
2022,12,14,15:22,UTC,0.8
2022,12,14,15:23,UTC,0.7
2022,12,14,15:24,UTC,0.8
2022,12,14,15:25,UTC,0.5
2022,12,14,15:26,UTC,0.5
2022,12,14,15:27,UTC,0.7
2022,12,14,15:28,UTC,0.6
2022,12,14,15:29,UTC,0.7
2022,12,14,15:30,UTC,0.7
2022,12,14,15:31,UTC,0.6
2022,12,14,15:32,UTC,0.7
2022,12,14,15:33,UTC,0.6
2022,12,14,15:34,UTC,0.3
2022,12,14,15:35,UTC,0.3
2022,12,14,15:36,UTC,0.5
2022,12,14,15:37,UTC,0.6
2022,12,14,15:38,UTC,0.6
2022,12,14,15:39,UTC,0.5
2022,12,14,15:40,UTC,0.5
2022,12,14,15:41,UTC,0.6
2022,12,14,15:42,UTC,0.7
2022,12,14,15:43,UTC,0.6
2022,12,14,15:44,UTC,0.6
2022,12,14,15:45,UTC,0.6
2022,12,14,15:46,UTC,0.5
2022,12,14,15:47,UTC,0.4
2022,12,14,15:48,UTC,0.4
2022,12,14,15:49,UTC,0.5
2022,12,14,15:50,UTC,0.6
2022,12,14,15:51,UTC,0.5
2022,12,14,15:52,UTC,0.8
2022,12,14,15:53,UTC,1
2022,12,14,15:54,UTC,1.1
2022,12,14,15:55,UTC,1.1
2022,12,14,15:56,UTC,1.2
2022,12,14,15:57,UTC,1.3
2022,12,14,15:58,UTC,1.2
2022,12,14,15:59,UTC,1
2022,12,14,16:00,UTC,0.8
2022,12,14,16:01,UTC,0.9
2022,12,14,16:02,UTC,0.7
2022,12,14,16:03,UTC,0.9
2022,12,14,16:04,UTC,1
2022,12,14,16:05,UTC,1.1
2022,12,14,16:06,UTC,1
2022,12,14,16:07,UTC,0.7
2022,12,14,16:08,UTC,0.4
2022,12,14,16:09,UTC,0.5
2022,12,14,16:10,UTC,0.4
2022,12,14,16:11,UTC,0.5
2022,12,14,16:12,UTC,0.7
2022,12,14,16:13,UTC,0.6
2022,12,14,16:14,UTC,0.7
2022,12,14,16:15,UTC,1
2022,12,14,16:16,UTC,1.1
2022,12,14,16:17,UTC,1
2022,12,14,16:18,UTC,1.2
2022,12,14,16:19,UTC,1.8
2022,12,14,16:20,UTC,2.3
2022,12,14,16:21,UTC,3
2022,12,14,16:22,UTC,3
2022,12,14,16:23,UTC,2.9
2022,12,14,16:24,UTC,3
2022,12,14,16:25,UTC,2.4
2022,12,14,16:26,UTC,2.2
2022,12,14,16:27,UTC,1.9
2022,12,14,16:28,UTC,2.2
2022,12,14,16:29,UTC,2.1
2022,12,14,16:30,UTC,2.4
2022,12,14,16:31,UTC,2.3
2022,12,14,16:32,UTC,2.1
2022,12,14,16:33,UTC,2.2
2022,12,14,16:34,UTC,2.4
2022,12,14,16:35,UTC,2.3
2022,12,14,16:36,UTC,2.1
2022,12,14,16:37,UTC,2
2022,12,14,16:38,UTC,1.6
2022,12,14,16:39,UTC,1.7
2022,12,14,16:40,UTC,2.1
2022,12,14,16:41,UTC,2.4
2022,12,14,16:42,UTC,2.6
2022,12,14,16:43,UTC,2.7
2022,12,14,16:44,UTC,2.6
2022,12,14,16:45,UTC,2.5
2022,12,14,16:46,UTC,2.5
2022,12,14,16:47,UTC,3.1
2022,12,14,16:48,UTC,3.2
2022,12,14,16:49,UTC,2.8
2022,12,14,16:50,UTC,2.9
2022,12,14,16:51,UTC,3
2022,12,14,16:52,UTC,2.5
2022,12,14,16:53,UTC,2.3
2022,12,14,16:54,UTC,2.3
2022,12,14,16:55,UTC,2.2
2022,12,14,16:56,UTC,2.5
2022,12,14,16:57,UTC,2.8
2022,12,14,16:58,UTC,3.4
2022,12,14,16:59,UTC,3.8
2022,12,14,17:00,UTC,3.4
2022,12,14,17:01,UTC,3.5
2022,12,14,17:02,UTC,3.8
2022,12,14,17:03,UTC,3.5
2022,12,14,17:04,UTC,3.5
2022,12,14,17:05,UTC,3.5
2022,12,14,17:06,UTC,3.5
2022,12,14,17:07,UTC,3.5
2022,12,14,17:08,UTC,4.1
2022,12,14,17:09,UTC,4.3
2022,12,14,17:10,UTC,4
2022,12,14,17:11,UTC,3.7
2022,12,14,17:12,UTC,3.5
2022,12,14,17:13,UTC,3.4
2022,12,14,17:14,UTC,3.2
2022,12,14,17:15,UTC,3.2
2022,12,14,17:16,UTC,3
2022,12,14,17:17,UTC,2.9
2022,12,14,17:18,UTC,3.1
2022,12,14,17:19,UTC,3.1
2022,12,14,17:20,UTC,3.1
2022,12,14,17:21,UTC,3.2
2022,12,14,17:22,UTC,2.6
2022,12,14,17:23,UTC,2.7
2022,12,14,17:24,UTC,2.4
2022,12,14,17:25,UTC,2.1
2022,12,14,17:26,UTC,2.3
2022,12,14,17:27,UTC,2.1
2022,12,14,17:28,UTC,2.3
2022,12,14,17:29,UTC,2.2
2022,12,14,17:30,UTC,2.2
2022,12,14,17:31,UTC,2.1
2022,12,14,17:32,UTC,2
2022,12,14,17:33,UTC,2.1
2022,12,14,17:34,UTC,2.1
2022,12,14,17:35,UTC,2
2022,12,14,17:36,UTC,1.9
2022,12,14,17:37,UTC,1.9
2022,12,14,17:38,UTC,1.5
2022,12,14,17:39,UTC,1.5
2022,12,14,17:40,UTC,1.3
2022,12,14,17:41,UTC,1.4
2022,12,14,17:42,UTC,1.2
2022,12,14,17:43,UTC,1
2022,12,14,17:44,UTC,0.8
2022,12,14,17:45,UTC,0.9
2022,12,14,17:46,UTC,1
2022,12,14,17:47,UTC,1.3
2022,12,14,17:48,UTC,1.1
2022,12,14,17:49,UTC,1
2022,12,14,17:50,UTC,1
2022,12,14,17:51,UTC,0.9
2022,12,14,17:52,UTC,0.6
2022,12,14,17:53,UTC,0.6
2022,12,14,17:54,UTC,0.7
2022,12,14,17:55,UTC,0.6
2022,12,14,17:56,UTC,0.6
2022,12,14,17:57,UTC,0.6
2022,12,14,17:58,UTC,0.7
2022,12,14,17:59,UTC,0.8
2022,12,14,18:00,UTC,0.8
2022,12,14,18:01,UTC,0.7
2022,12,14,18:02,UTC,0.7
2022,12,14,18:03,UTC,0.6
2022,12,14,18:04,UTC,0.6
2022,12,14,18:05,UTC,0.5
2022,12,14,18:06,UTC,0.3
2022,12,14,18:07,UTC,0.2
2022,12,14,18:08,UTC,0.4
2022,12,14,18:09,UTC,0.3
2022,12,14,18:10,UTC,0.3
2022,12,14,18:11,UTC,0.4
2022,12,14,18:12,UTC,0.4
2022,12,14,18:13,UTC,0.2
2022,12,14,18:14,UTC,0.2
2022,12,14,18:15,UTC,0
2022,12,14,18:16,UTC,0.1
2022,12,14,18:17,UTC,0.2
2022,12,14,18:18,UTC,0.1
2022,12,14,18:19,UTC,-0.1
2022,12,14,18:20,UTC,0.1
2022,12,14,18:21,UTC,0.1
2022,12,14,18:22,UTC,0
2022,12,14,18:23,UTC,0
2022,12,14,18:24,UTC,0
2022,12,14,18:25,UTC,0
2022,12,14,18:26,UTC,0.1
2022,12,14,18:27,UTC,0.2
2022,12,14,18:28,UTC,0.2
2022,12,14,18:29,UTC,0.2
2022,12,14,18:30,UTC,0.2
2022,12,14,18:31,UTC,0
2022,12,14,18:32,UTC,-0.1
2022,12,14,18:33,UTC,-0.1
2022,12,14,18:34,UTC,0.2
2022,12,14,18:35,UTC,0.4
2022,12,14,18:36,UTC,0.5
2022,12,14,18:37,UTC,0.2
2022,12,14,18:38,UTC,0
2022,12,14,18:39,UTC,0.2
2022,12,14,18:40,UTC,0.4
2022,12,14,18:41,UTC,0
2022,12,14,18:42,UTC,-0.1
2022,12,14,18:43,UTC,-0.1
2022,12,14,18:44,UTC,0.2
2022,12,14,18:45,UTC,0.2
2022,12,14,18:46,UTC,0.4
2022,12,14,18:47,UTC,0.5
2022,12,14,18:48,UTC,0.6
2022,12,14,18:49,UTC,0.5
2022,12,14,18:50,UTC,0.5
2022,12,14,18:51,UTC,0.5
2022,12,14,18:52,UTC,0.3
2022,12,14,18:53,UTC,0.1
2022,12,14,18:54,UTC,-0.1
2022,12,14,18:55,UTC,-0.1
2022,12,14,18:56,UTC,-0.1
2022,12,14,18:57,UTC,0.1
2022,12,14,18:58,UTC,-0.1
2022,12,14,18:59,UTC,-0.1
2022,12,14,19:00,UTC,0
2022,12,14,19:01,UTC,0
2022,12,14,19:02,UTC,0
2022,12,14,19:03,UTC,0
2022,12,14,19:04,UTC,-0.1
2022,12,14,19:05,UTC,-0.1
2022,12,14,19:06,UTC,0
2022,12,14,19:07,UTC,0.1
2022,12,14,19:08,UTC,0.1
2022,12,14,19:09,UTC,0.2
2022,12,14,19:10,UTC,0.3
2022,12,14,19:11,UTC,0.4
2022,12,14,19:12,UTC,0.5
2022,12,14,19:13,UTC,0.3
2022,12,14,19:14,UTC,0.3
2022,12,14,19:15,UTC,0.4
2022,12,14,19:16,UTC,0.4
2022,12,14,19:17,UTC,0.5
2022,12,14,19:18,UTC,0.7
2022,12,14,19:19,UTC,0.5
2022,12,14,19:20,UTC,0.8
2022,12,14,19:21,UTC,0.8
2022,12,14,19:22,UTC,0.7
2022,12,14,19:23,UTC,0.3
2022,12,14,19:24,UTC,0.4
2022,12,14,19:25,UTC,0.4
2022,12,14,19:26,UTC,0.5
2022,12,14,19:27,UTC,0.5
2022,12,14,19:28,UTC,0.5
2022,12,14,19:29,UTC,0.7
2022,12,14,19:30,UTC,0.6
2022,12,14,19:31,UTC,0.6
2022,12,14,19:32,UTC,0.5
2022,12,14,19:33,UTC,0.6
2022,12,14,19:34,UTC,0.4
2022,12,14,19:35,UTC,0.3
2022,12,14,19:36,UTC,0.3
2022,12,14,19:37,UTC,0.6
2022,12,14,19:38,UTC,0.6
2022,12,14,19:39,UTC,0.5
2022,12,14,19:40,UTC,0.5
2022,12,14,19:41,UTC,0.4
2022,12,14,19:42,UTC,0.5
2022,12,14,19:43,UTC,0.4
2022,12,14,19:44,UTC,0.4
2022,12,14,19:45,UTC,0.5
2022,12,14,19:46,UTC,0.6
2022,12,14,19:47,UTC,0.6
2022,12,14,19:48,UTC,0.4
2022,12,14,19:49,UTC,0.5
2022,12,14,19:50,UTC,0.6
2022,12,14,19:51,UTC,0.4
2022,12,14,19:52,UTC,0.2
2022,12,14,19:53,UTC,0.4
2022,12,14,19:54,UTC,0.1
2022,12,14,19:55,UTC,0.1
2022,12,14,19:56,UTC,0.4
2022,12,14,19:57,UTC,0.5
2022,12,14,19:58,UTC,0.4
2022,12,14,19:59,UTC,0.4
2022,12,14,20:00,UTC,0.4
2022,12,14,20:01,UTC,0.4
2022,12,14,20:02,UTC,0.5
2022,12,14,20:03,UTC,0.6
2022,12,14,20:04,UTC,0.4
2022,12,14,20:05,UTC,0.3
2022,12,14,20:06,UTC,0.3
2022,12,14,20:07,UTC,0.3
2022,12,14,20:08,UTC,0.2
2022,12,14,20:09,UTC,0.1
2022,12,14,20:10,UTC,0.5
2022,12,14,20:11,UTC,0.4
2022,12,14,20:12,UTC,0.4
2022,12,14,20:13,UTC,0.4
2022,12,14,20:14,UTC,0.5
2022,12,14,20:15,UTC,0.6
2022,12,14,20:16,UTC,0.7
2022,12,14,20:17,UTC,0.6
2022,12,14,20:18,UTC,0.8
2022,12,14,20:19,UTC,0.8
2022,12,14,20:20,UTC,0.8
2022,12,14,20:21,UTC,0.8
2022,12,14,20:22,UTC,0.8
2022,12,14,20:23,UTC,0.6
2022,12,14,20:24,UTC,0.6
2022,12,14,20:25,UTC,0.6
2022,12,14,20:26,UTC,0.5
2022,12,14,20:27,UTC,0.5
2022,12,14,20:28,UTC,0.5
2022,12,14,20:29,UTC,0.4
2022,12,14,20:30,UTC,0.1
2022,12,14,20:31,UTC,0.3
2022,12,14,20:32,UTC,0.5
2022,12,14,20:33,UTC,0.5
2022,12,14,20:34,UTC,0.4
2022,12,14,20:35,UTC,0.6
2022,12,14,20:36,UTC,0.6
2022,12,14,20:37,UTC,0.6
2022,12,14,20:38,UTC,0.6
2022,12,14,20:39,UTC,0.6
2022,12,14,20:40,UTC,0.4
2022,12,14,20:41,UTC,0.4
2022,12,14,20:42,UTC,0.4
2022,12,14,20:43,UTC,0.2
2022,12,14,20:44,UTC,0.3
2022,12,14,20:45,UTC,0.3
2022,12,14,20:46,UTC,0.5
2022,12,14,20:47,UTC,0.6
2022,12,14,20:48,UTC,0.8
2022,12,14,20:49,UTC,0.4
2022,12,14,20:50,UTC,0.2
2022,12,14,20:51,UTC,0.2
2022,12,14,20:52,UTC,0.4
2022,12,14,20:53,UTC,0.4
2022,12,14,20:54,UTC,0.3
2022,12,14,20:55,UTC,0.3
2022,12,14,20:56,UTC,0.2
2022,12,14,20:57,UTC,0
2022,12,14,20:58,UTC,-0.9
2022,12,14,20:59,UTC,-1.8
2022,12,14,21:00,UTC,-2.3
2022,12,14,21:01,UTC,-2.9
2022,12,14,21:02,UTC,-3.9
2022,12,14,21:03,UTC,-3.7
2022,12,14,21:04,UTC,-4
2022,12,14,21:05,UTC,-4.3
2022,12,14,21:06,UTC,-4
2022,12,14,21:07,UTC,-3.7
2022,12,14,21:08,UTC,-4
2022,12,14,21:09,UTC,-3.6
2022,12,14,21:10,UTC,-3.5
2022,12,14,21:11,UTC,-3.2
2022,12,14,21:12,UTC,-3.3
2022,12,14,21:13,UTC,-3.4
2022,12,14,21:14,UTC,-3.1
2022,12,14,21:15,UTC,-2.6
2022,12,14,21:16,UTC,-2.2
2022,12,14,21:17,UTC,-1.8
2022,12,14,21:18,UTC,-1.9
2022,12,14,21:19,UTC,-2.2
2022,12,14,21:20,UTC,-2
2022,12,14,21:21,UTC,-1.6
2022,12,14,21:22,UTC,-1.2
2022,12,14,21:23,UTC,-1.3
2022,12,14,21:24,UTC,-1.4
2022,12,14,21:25,UTC,-1.2
2022,12,14,21:26,UTC,-1.3
2022,12,14,21:27,UTC,-1.1
2022,12,14,21:28,UTC,-1.2
2022,12,14,21:29,UTC,-1.2
2022,12,14,21:30,UTC,-0.7
2022,12,14,21:31,UTC,-0.4
2022,12,14,21:32,UTC,-0.2
2022,12,14,21:33,UTC,-0.1
2022,12,14,21:34,UTC,-0.4
2022,12,14,21:35,UTC,-0.6
2022,12,14,21:36,UTC,-1
2022,12,14,21:37,UTC,-0.8
2022,12,14,21:38,UTC,-0.8
2022,12,14,21:39,UTC,-0.6
2022,12,14,21:40,UTC,-0.5
2022,12,14,21:41,UTC,-1
2022,12,14,21:42,UTC,-1.4
2022,12,14,21:43,UTC,-1.3
2022,12,14,21:44,UTC,-1.4
2022,12,14,21:45,UTC,-1.5
2022,12,14,21:46,UTC,-1.7
2022,12,14,21:47,UTC,-2.3
2022,12,14,21:48,UTC,-2.6
2022,12,14,21:49,UTC,-2.5
2022,12,14,21:50,UTC,-2.7
2022,12,14,21:51,UTC,-2.9
2022,12,14,21:52,UTC,-2.6
2022,12,14,21:53,UTC,-2.5
2022,12,14,21:54,UTC,-2.1
2022,12,14,21:55,UTC,-2.3
2022,12,14,21:56,UTC,-2.3
2022,12,14,21:57,UTC,-2.1
2022,12,14,21:58,UTC,-1.9
2022,12,14,21:59,UTC,-1.6
2022,12,14,22:00,UTC,-1.5
2022,12,14,22:01,UTC,-1.6
2022,12,14,22:02,UTC,-1.5
2022,12,14,22:03,UTC,-1.7
2022,12,14,22:04,UTC,-1.6
2022,12,14,22:05,UTC,-1.3
2022,12,14,22:06,UTC,-1.4
2022,12,14,22:07,UTC,-1.2
2022,12,14,22:08,UTC,-1.1
2022,12,14,22:09,UTC,-1.3
2022,12,14,22:10,UTC,-1.2
2022,12,14,22:11,UTC,-1.1
2022,12,14,22:12,UTC,-1.2
2022,12,14,22:13,UTC,-1.2
2022,12,14,22:14,UTC,-1.2
2022,12,14,22:15,UTC,-1.3
2022,12,14,22:16,UTC,-1.2
2022,12,14,22:17,UTC,-1.2
2022,12,14,22:18,UTC,-1.1
2022,12,14,22:19,UTC,-1
2022,12,14,22:20,UTC,-1
2022,12,14,22:21,UTC,-1.1
2022,12,14,22:22,UTC,-0.8
2022,12,14,22:23,UTC,-1
2022,12,14,22:24,UTC,-0.8
2022,12,14,22:25,UTC,-0.7
2022,12,14,22:26,UTC,-0.8
2022,12,14,22:27,UTC,-1
2022,12,14,22:28,UTC,-0.7
2022,12,14,22:29,UTC,-0.7
2022,12,14,22:30,UTC,-0.4
2022,12,14,22:31,UTC,-0.3
2022,12,14,22:32,UTC,-0.5
2022,12,14,22:33,UTC,-0.5
2022,12,14,22:34,UTC,-0.4
2022,12,14,22:35,UTC,-0.3
2022,12,14,22:36,UTC,-0.6
2022,12,14,22:37,UTC,-0.2
2022,12,14,22:38,UTC,0
2022,12,14,22:39,UTC,-0.1
2022,12,14,22:40,UTC,0
2022,12,14,22:41,UTC,-0.1
2022,12,14,22:42,UTC,-0.2
2022,12,14,22:43,UTC,-0.1
2022,12,14,22:44,UTC,-0.3
2022,12,14,22:45,UTC,-0.2
2022,12,14,22:46,UTC,-0.2
2022,12,14,22:47,UTC,-0.1
2022,12,14,22:48,UTC,0
2022,12,14,22:49,UTC,0.1
2022,12,14,22:50,UTC,0
2022,12,14,22:51,UTC,-0.1
2022,12,14,22:52,UTC,0
2022,12,14,22:53,UTC,-0.4
2022,12,14,22:54,UTC,-0.5
2022,12,14,22:55,UTC,-0.5
2022,12,14,22:56,UTC,-0.6
2022,12,14,22:57,UTC,-0.6
2022,12,14,22:58,UTC,-0.5
2022,12,14,22:59,UTC,-0.6
2022,12,14,23:00,UTC,-0.8
2022,12,14,23:01,UTC,-0.7
2022,12,14,23:02,UTC,-0.7
2022,12,14,23:03,UTC,-0.7
2022,12,14,23:04,UTC,-0.7
2022,12,14,23:05,UTC,-0.5
2022,12,14,23:06,UTC,-0.5
2022,12,14,23:07,UTC,-0.1
2022,12,14,23:08,UTC,-0.1
2022,12,14,23:09,UTC,-0.1
2022,12,14,23:10,UTC,-0.2
2022,12,14,23:11,UTC,-0.4
2022,12,14,23:12,UTC,-0.4
2022,12,14,23:13,UTC,-0.2
2022,12,14,23:14,UTC,0.2
2022,12,14,23:15,UTC,0
2022,12,14,23:16,UTC,-0.1
2022,12,14,23:17,UTC,-0.1
2022,12,14,23:18,UTC,-0.4
2022,12,14,23:19,UTC,-0.2
2022,12,14,23:20,UTC,-0.2
2022,12,14,23:21,UTC,-0.4
2022,12,14,23:22,UTC,0.1
2022,12,14,23:23,UTC,0.2
2022,12,14,23:24,UTC,0.3
2022,12,14,23:25,UTC,0.5
2022,12,14,23:26,UTC,0.5
2022,12,14,23:27,UTC,0.6
2022,12,14,23:28,UTC,0.3
2022,12,14,23:29,UTC,0.3
2022,12,14,23:30,UTC,0.4
2022,12,14,23:31,UTC,0.2
2022,12,14,23:32,UTC,0.4
2022,12,14,23:33,UTC,0.3
2022,12,14,23:34,UTC,0.4
2022,12,14,23:35,UTC,0.4
2022,12,14,23:36,UTC,0.3
2022,12,14,23:37,UTC,0.4
2022,12,14,23:38,UTC,0.8
2022,12,14,23:39,UTC,1
2022,12,14,23:40,UTC,0.4
2022,12,14,23:41,UTC,0.2
2022,12,14,23:42,UTC,0.2
2022,12,14,23:43,UTC,0.4
2022,12,14,23:44,UTC,0.2
2022,12,14,23:45,UTC,0.3
2022,12,14,23:46,UTC,0.3
2022,12,14,23:47,UTC,0.3
2022,12,14,23:48,UTC,0.3
2022,12,14,23:49,UTC,0.4
2022,12,14,23:50,UTC,0.3
2022,12,14,23:51,UTC,0.6
2022,12,14,23:52,UTC,0.9
2022,12,14,23:53,UTC,1.1
2022,12,14,23:54,UTC,1.4
2022,12,14,23:55,UTC,1.5
2022,12,14,23:56,UTC,1.6
2022,12,14,23:57,UTC,1.5
2022,12,14,23:58,UTC,1.4
2022,12,14,23:59,UTC,1.2
2022,12,15,00:00,UTC,0.9